cluster_id,size,avg_lat,avg_lng,avg_time_min,std_lat,std_lng,std_time,avg_time_str
0,147,20.999644895043218,105.9756635575953,777.1428571428571,0.14530846772877695,0.07336834787656321,323.9212867349104,12:57
1,95,21.174539227074945,105.68198228806477,706.7368421052631,0.07604037749558804,0.10402151572524244,337.51498660268544,11:46
2,134,20.857003049489105,105.68870208915965,843.8059701492538,0.09211463797580596,0.10379269857031997,336.98362285035824,14:03
